seq,phi,psi,chain,pos_in_chain,protein_id
AYAQWLA,-137.80670800277218,-69.42358027427917,A,2,2m7d
YAQWLAD,-69.28717421280945,-51.337086138327685,A,3,2m7d
AQWLADX,-65.00879614828303,-33.93405767855934,A,4,2m7d
QWLADXG,-68.26700660911256,-39.23221628871819,A,5,2m7d
WLADXGW,-60.73922610873792,-49.195573012914494,A,6,2m7d
LADXGWA,-64.18840034910323,-36.42165968515556,A,7,2m7d
ADXGWAS,-75.68482382078018,-18.546918596161998,A,8,2m7d
WASXRPP,-97.8578503555448,13.048636489619664,A,12,2m7d
ASXRPPP,-87.80625334156122,-31.987399849125225,A,13,2m7d
